,date/time,match,league,sport,bet365,betfair,st
0,2019-10-30 01:52:00+00:00,B Gojo v Reboul,Challenger Shenzhen 2,Tennis,False,True,
1,2019-10-30 01:52:00+00:00,Li v Jaziri,Challenger Shenzhen 2,Tennis,False,True,
2,2019-10-30 02:20:00+00:00,Los Angeles FC v Seattle Sounders,USA MLS Play-Offs,Soccer,False,True,
3,2019-10-30 02:42:00+00:00,Memphis Grizzlies @ Los Angeles Lakers,NBA,Basketball,False,True,
4,2019-10-30 02:52:00+00:00,Castelnuovo/Fancutt v Crnokrak/Romios,Challenger Playford 2,Tennis,False,True,
5,2019-10-30 02:52:00+00:00,Ratiwatana/Watanuki v Bolt/Reid,Challenger Playford 2,Tennis,False,True,
6,2019-10-30 03:13:00+00:00,Sweeny v A Harris,Challenger Playford 2,Tennis,False,True,
7,2019-10-30 03:19:00+00:00,Tseng v To Matsui,Challenger Shenzhen 2,Tennis,False,True,
8,2019-10-30 03:37:00+00:00,Lopez-Perez v Forejtek,Challenger Shenzhen 2,Tennis,False,True,
9,2019-10-30 03:45:00+00:00,Michelle Li v Hyo Min Kim,Macau Open Women,Badminton,False,True,
10,2019-10-30 04:00:00+00:00,Taylor/Taylor v Heliovaara/Niklas-Salmi,Challenger Playford 2,Tennis,False,True,
11,2019-10-30 04:00:00+00:00,Goransson/Rungkat v Doumbia/Reboul,Challenger Shenzhen 2,Tennis,False,True,
12,2019-10-30 04:07:00+00:00,T Wu v Ramanathan,Challenger Shenzhen 2,Tennis,False,True,
13,2019-10-30 04:07:00+00:00,Zh Zhang v Oliveira,Challenger Shenzhen 2,Tennis,False,True,
14,2019-10-30 04:10:00+00:00,Yiman Zhang v Crystal Pan,Macau Open Women,Badminton,False,True,
15,2019-10-30 04:10:00+00:00,Teck Zhi Soo v Yu Jen Chi,Macau Open MD,Badminton,False,True,
16,2019-10-30 04:30:00+00:00,Banes/Bourchier v Fanselow/Gerch,Challenger Playford 2,Tennis,False,True,
17,2019-10-30 04:50:00+00:00,Brice Leverdez v Aidil Sholeh Ali Sadikin,Macau Open MD,Badminton,False,True,
18,2019-10-30 05:13:00+00:00,Saville v Tabilo,Challenger Playford 2,Tennis,False,True,
19,2019-10-30 05:30:00+00:00,Porntip Buranaprasertsuk v Ruselli Hartawan,Macau Open Women,Badminton,False,True,
20,2019-10-30 05:37:00+00:00,Ferreira Silva v Yang,Challenger Shenzhen 2,Tennis,False,True,
21,2019-10-30 05:50:00+00:00,Ipswich R5 1200m Hcap,Ipswich,Horse Racing,False,True,
22,2019-10-30 06:00:00+00:00,Gabashvili/Jaziri v Matsui/Vardhan,Challenger Shenzhen 2,Tennis,False,True,
23,2019-10-30 06:04:00+00:00,Rich (AUS) 30th Oct,Other,Greyhounds racing,False,True,
24,2019-10-30 06:07:00+00:00,Diez/Safwat v Gong/Li,Challenger Shenzhen 2,Tennis,False,True,
25,2019-10-30 06:07:00+00:00,Safiullin v Istomin,Challenger Shenzhen 2,Tennis,False,True,
26,2019-10-30 06:10:00+00:00,Ga Eun Kim v Meng Zhou,Macau Open Women,Badminton,False,True,
27,2019-10-30 06:10:00+00:00,Cheuk Yiu Lee v Xiaodong Sheng,Macau Open MD,Badminton,False,True,
28,2019-10-30 06:14:00+00:00,Ascot R2 1200m 3yo,Ascot,Horse Racing,False,True,
29,2019-10-30 06:17:00+00:00,APrk (AUS) 30th Oct,Other,Greyhounds racing,False,True,
30,2019-10-30 06:24:00+00:00,Rich (AUS) 30th Oct,Other,Greyhounds racing,False,True,
31,2019-10-30 06:30:00+00:00,Ipswich R6 1666m CL3,Ipswich,Horse Racing,False,True,
32,2019-10-30 06:30:00+00:00,Graeme Dott v Shaun Murphy,World Open Qualifiers 2019,Snooker,False,True,
33,2019-10-30 06:30:00+00:00,Mark Selby v Noppon Saengkham,World Open Qualifiers 2019,Snooker,False,True,
34,2019-10-30 06:37:00+00:00,APrk (AUS) 30th Oct,Other,Greyhounds racing,False,True,
35,2019-10-30 06:44:00+00:00,Rich (AUS) 30th Oct,Other,Greyhounds racing,False,True,
36,2019-10-30 06:54:00+00:00,Ascot R3 1500m Mdn,Ascot,Horse Racing,False,True,
37,2019-10-30 06:55:00+00:00,Supanida Katethong v Natsuki Nidaira,Macau Open Women,Badminton,False,True,
38,2019-10-30 06:58:00+00:00,APrk (AUS) 30th Oct,Other,Greyhounds racing,False,True,
39,2019-10-30 07:05:00+00:00,Ipswich R7 1100m CL1,Ipswich,Horse Racing,False,True,
40,2019-10-30 07:08:00+00:00,Rich (AUS) 30th Oct,Other,Greyhounds racing,False,True,
41,2019-10-30 07:15:00+00:00,Launceston R1 1220m Mdn,Launceston,Horse Racing,False,True,
42,2019-10-30 07:19:00+00:00,APrk (AUS) 30th Oct,Other,Greyhounds racing,False,True,
43,2019-10-30 07:27:00+00:00,Rich (AUS) 30th Oct,Other,Greyhounds racing,False,True,
44,2019-10-30 07:30:00+00:00,Ascot R4 1100m CL1,Ascot,Horse Racing,False,True,
45,2019-10-30 07:30:00+00:00,Mysore Win Each Way,Mysore Win Each Way ,Horse Racing,False,True,
46,2019-10-30 07:38:00+00:00,APrk (AUS) 30th Oct,Other,Greyhounds racing,False,True,
47,2019-10-30 07:40:00+00:00,Pattarasuda Chaiwan v Ngan Yi Cheung,Macau Open Women,Badminton,False,True,
48,2019-10-30 07:44:00+00:00,Rich (AUS) 30th Oct,Other,Greyhounds racing,False,True,
49,2019-10-30 07:50:00+00:00,Launceston R2 1220m Hcap,Launceston,Horse Racing,False,True,
50,2019-10-30 07:58:00+00:00,Ball (AUS) 30th Oct,Other,Greyhounds racing,False,True,
51,2019-10-30 08:00:00+00:00,Mysore Win Each Way,Mysore Win Each Way ,Horse Racing,False,True,
52,2019-10-30 08:00:00+00:00,Mertens/Sabalenka v Chan/Chan,ATP Paris,Tennis,False,True,
53,2019-10-30 08:04:00+00:00,WPrk (AUS) 30th Oct,Other,Greyhounds racing,False,True,
54,2019-10-30 08:07:00+00:00,Elgin/Ramanathan v Oliveira/Sun,Challenger Shenzhen 2,Tennis,False,True,
55,2019-10-30 08:07:00+00:00,Wang/Wu v Nam/Song,Challenger Shenzhen 2,Tennis,False,True,
56,2019-10-30 08:10:00+00:00,Ascot R5 1100m CL1,Ascot,Horse Racing,False,True,
57,2019-10-30 08:12:00+00:00,Kilkenny Win or Each Way,Other,Greyhounds racing,False,True,
58,2019-10-30 08:18:00+00:00,Ball (AUS) 30th Oct,Other,Greyhounds racing,False,True,
59,2019-10-30 08:25:00+00:00,Launceston R3 1420m CL1,Launceston,Horse Racing,False,True,
60,2019-10-30 08:27:00+00:00,Kilkenny Win or Each Way,Other,Greyhounds racing,False,True,
61,2019-10-30 08:28:00+00:00,WPrk (AUS) 30th Oct,Other,Greyhounds racing,False,True,
62,2019-10-30 08:30:00+00:00,Mysore Win Each Way,Mysore Win Each Way ,Horse Racing,False,True,
63,2019-10-30 08:35:00+00:00,Rock (AUS) 30th Oct,Other,Greyhounds racing,False,True,
64,2019-10-30 08:43:00+00:00,Kilkenny Win or Each Way,Other,Greyhounds racing,False,True,
65,2019-10-30 08:45:00+00:00,Ascot R6 1400m CL3,Ascot,Horse Racing,False,True,
66,2019-10-30 08:48:00+00:00,WPrk (AUS) 30th Oct,Other,Greyhounds racing,False,True,
67,2019-10-30 08:54:00+00:00,Rock (AUS) 30th Oct,Other,Greyhounds racing,False,True,
68,2019-10-30 09:00:00+00:00,Launceston R4 1120m 3yo,Launceston,Horse Racing,False,True,
69,2019-10-30 09:00:00+00:00,Mysore Win Each Way,Mysore Win Each Way ,Horse Racing,False,True,
70,2019-10-30 09:00:00+00:00,Machac v Ivashka,Challenger Eckental,Tennis,False,True,
71,2019-10-30 09:00:00+00:00,Majchrzak v Huesler,Challenger Eckental,Tennis,False,True,
72,2019-10-30 09:02:00+00:00,Kilkenny Win or Each Way,Other,Greyhounds racing,False,True,
73,2019-10-30 09:08:00+00:00,WPrk (AUS) 30th Oct,Other,Greyhounds racing,False,True,
74,2019-10-30 09:14:00+00:00,Rock (AUS) 30th Oct,Other,Greyhounds racing,False,True,
75,2019-10-30 09:18:00+00:00,Kilkenny Win or Each Way,Other,Greyhounds racing,False,True,
76,2019-10-30 09:20:00+00:00,Ascot R7 1800m CL3,Ascot,Horse Racing,False,True,
77,2019-10-30 09:28:00+00:00,WPrk (AUS) 30th Oct,Other,Greyhounds racing,False,True,
78,2019-10-30 09:30:00+00:00,Mysore Win Each Way,Mysore Win Each Way ,Horse Racing,False,True,
79,2019-10-30 09:34:00+00:00,Kilkenny Win or Each Way,Other,Greyhounds racing,False,True,
80,2019-10-30 09:34:00+00:00,Rock (AUS) 30th Oct,Other,Greyhounds racing,False,True,
81,2019-10-30 09:40:00+00:00,Launceston R5 1420m Hcap,Launceston,Horse Racing,False,True,
82,2019-10-30 09:48:00+00:00,WPrk (AUS) 30th Oct,Other,Greyhounds racing,False,True,
83,2019-10-30 09:52:00+00:00,Kilkenny Win or Each Way,Other,Greyhounds racing,False,True,
84,2019-10-30 09:55:00+00:00,Rock (AUS) 30th Oct,Other,Greyhounds racing,False,True,
85,2019-10-30 10:00:00+00:00,Juliette Moinard / Sharone Bauer v Kilasu Ostermey,Hungarian Int. Qual,Badminton,False,True,
86,2019-10-30 10:00:00+00:00,Mysore Win Each Way,Mysore Win Each Way ,Horse Racing,False,True,
87,2019-10-30 10:00:00+00:00,Kubot/Melo v Gonzalez/Krajicek,ATP Paris,Tennis,False,True,
88,2019-10-30 10:00:00+00:00,Raonic v Thiem,ATP Paris,Tennis,False,True,
89,2019-10-30 10:00:00+00:00,Rojer/Tecau v Granollers/Zeballos,ATP Paris,Tennis,False,True,
90,2019-10-30 10:00:00+00:00,Cressy v Laaksonen,Challenger Eckental,Tennis,False,True,
91,2019-10-30 10:00:00+00:00,Troicki v Van de Zandschulp,Challenger Eckental,Tennis,False,True,
92,2019-10-30 10:05:00+00:00,WPrk (AUS) 30th Oct,Other,Greyhounds racing,False,True,
93,2019-10-30 10:07:00+00:00,Kilkenny Win or Each Way,Other,Greyhounds racing,False,True,
94,2019-10-30 10:10:00+00:00,Scotland v UAE,T20 World Cup Qualifier,Cricket,False,True,
95,2019-10-30 10:12:00+00:00,Rock (AUS) 30th Oct,Other,Greyhounds racing,False,True,
96,2019-10-30 10:15:00+00:00,Launceston R6 1620m CL3,Launceston,Horse Racing,False,True,
97,2019-10-30 10:18:00+00:00,Ball (AUS) 30th Oct,Other,Greyhounds racing,False,True,
98,2019-10-30 10:23:00+00:00,Kilkenny Win or Each Way,Other,Greyhounds racing,False,True,
99,2019-10-30 10:25:00+00:00,WPrk (AUS) 30th Oct,Other,Greyhounds racing,False,True,
100,2019-10-30 10:30:00+00:00,Mysore Win Each Way,Mysore Win Each Way ,Horse Racing,False,True,
101,2019-10-30 10:30:00+00:00,Halep v Svitolina,ATP Paris,Tennis,False,True,
102,2019-10-30 10:35:00+00:00,Rock (AUS) 30th Oct,Other,Greyhounds racing,False,True,
103,2019-10-30 10:40:00+00:00,Iris Tabeling / Nadia Fankhauser v Vimala Heriau /,Hungarian Int. Qual,Badminton,False,True,
104,2019-10-30 10:40:00+00:00,Yelyzaveta Zharka / Maryna Ilyinskaya v Hannah Poh,Hungarian Int. Qual,Badminton,False,True,
105,2019-10-30 10:41:00+00:00,Kilkenny Win or Each Way,Other,Greyhounds racing,False,True,
106,2019-10-30 10:45:00+00:00,WPrk (AUS) 30th Oct,Other,Greyhounds racing,False,True,
107,2019-10-30 10:52:00+00:00,Rock (AUS) 30th Oct,Other,Greyhounds racing,False,True,
108,2019-10-30 10:55:00+00:00,Launceston R7 1620m CL1,Launceston,Horse Racing,False,True,
109,2019-10-30 10:58:00+00:00,Ball (AUS) 30th Oct,Other,Greyhounds racing,False,True,
110,2019-10-30 11:00:00+00:00,Sfintul Gheorghe v FC Milsami-Ursidos,Turkey Cup,Soccer,False,True,
111,2019-10-30 11:00:00+00:00,Greyville R1 1100m Plt,Greyville,Horse Racing,False,True,
112,2019-10-30 11:00:00+00:00,Mysore Win Each Way,Mysore Win Each Way ,Horse Racing,False,True,
113,2019-10-30 11:01:00+00:00,Central Park D4 265m,Other,Greyhounds racing,False,True,
114,2019-10-30 11:03:00+00:00,Swin 30th Oct,Other,Greyhounds racing,False,True,
115,2019-10-30 11:06:00+00:00,WPrk (AUS) 30th Oct,Other,Greyhounds racing,False,True,
116,2019-10-30 11:09:00+00:00,Romford A6 400m,Other,Greyhounds racing,False,True,
117,2019-10-30 11:11:00+00:00,Newc 30th Oct,Other,Greyhounds racing,False,True,
118,2019-10-30 11:12:00+00:00,Rock (AUS) 30th Oct,Other,Greyhounds racing,False,True,
119,2019-10-30 11:16:00+00:00,Central Park A3 480m,Other,Greyhounds racing,False,True,
120,2019-10-30 11:19:00+00:00,Swin 30th Oct,Other,Greyhounds racing,False,True,
121,2019-10-30 11:20:00+00:00,Chang Wang / Zijian Di v Eloi Adam / Julien Maio,SaarLorLux Open WD,Badminton,False,True,
122,2019-10-30 11:23:00+00:00,Cann (AUS) 30th Oct,Other,Greyhounds racing,False,True,
123,2019-10-30 11:24:00+00:00,Romford A8 400m,Other,Greyhounds racing,False,True,
124,2019-10-30 11:26:00+00:00,Newc 30th Oct,Other,Greyhounds racing,False,True,
125,2019-10-30 11:30:00+00:00,Launceston R8 1220m Hcap,Launceston,Horse Racing,False,True,
126,2019-10-30 11:30:00+00:00,Mysore Win Each Way,Mysore Win Each Way ,Horse Racing,False,True,
127,2019-10-30 11:30:00+00:00,Graeme Dott v Shaun Murphy,World Open Qualifiers 2019,Snooker,False,True,
128,2019-10-30 11:30:00+00:00,Judd Trump v Liang Wenbo,World Open Qualifiers 2019,Snooker,False,True,
129,2019-10-30 11:30:00+00:00,Martin O'Donnell v Ding Junhui,World Open Qualifiers 2019,Snooker,False,True,
130,2019-10-30 11:31:00+00:00,Central Park D1 265m,Other,Greyhounds racing,False,True,
131,2019-10-30 11:34:00+00:00,Rock (AUS) 30th Oct,Other,Greyhounds racing,False,True,
132,2019-10-30 11:34:00+00:00,Swin 30th Oct,Other,Greyhounds racing,False,True,
133,2019-10-30 11:35:00+00:00,Greyville R2 1400m Plt,Greyville,Horse Racing,False,True,
134,2019-10-30 11:39:00+00:00,Romford A4 400m,Other,Greyhounds racing,False,True,
135,2019-10-30 11:41:00+00:00,Newc 30th Oct,Other,Greyhounds racing,False,True,
136,2019-10-30 11:43:00+00:00,Cann (AUS) 30th Oct,Other,Greyhounds racing,False,True,
137,2019-10-30 11:46:00+00:00,Central Park S2 642m,Other,Greyhounds racing,False,True,
138,2019-10-30 11:48:00+00:00,Swin 30th Oct,Other,Greyhounds racing,False,True,
139,2019-10-30 11:54:00+00:00,Romford A6 400m,Other,Greyhounds racing,False,True,
140,2019-10-30 11:56:00+00:00,Newc 30th Oct,Other,Greyhounds racing,False,True,
141,2019-10-30 12:00:00+00:00,Joshua Magee / Paul Reynolds v Jan Colin VÃ¶lker /,SaarLorLux Open WD,Badminton,False,True,
142,2019-10-30 12:00:00+00:00,Xiangyu Ren / Qiuyue Fan v Carsten Mogensen / Mads,SaarLorLux Open WD,Badminton,False,True,
143,2019-10-30 12:00:00+00:00,Slavia Mozyr v Dinamo Minsk,Belarus Premier League,Soccer,False,True,
144,2019-10-30 12:00:00+00:00,Fritz v Tsitsipas,ATP Paris,Tennis,False,True,
145,2019-10-30 12:00:00+00:00,Garin v Isner,ATP Paris,Tennis,False,True,
146,2019-10-30 12:00:00+00:00,Shapovalov v Fognini,ATP Paris,Tennis,False,True,
147,2019-10-30 12:00:00+00:00,L Harris v Napolitano,Challenger Eckental,Tennis,False,True,
148,2019-10-30 12:00:00+00:00,Lacko v Novak,Challenger Eckental,Tennis,False,True,
149,2019-10-30 12:00:00+00:00,Ka Pliskova v Andreescu,ATP Paris,Tennis,False,True,
150,2019-10-30 12:01:00+00:00,Central Park D5 265m,Other,Greyhounds racing,False,True,
151,2019-10-30 12:04:00+00:00,Swin 30th Oct,Other,Greyhounds racing,False,True,
152,2019-10-30 12:09:00+00:00,Romford A7 400m,Other,Greyhounds racing,False,True,
153,2019-10-30 12:10:00+00:00,Greyville R3 1400m Hcap,Greyville,Horse Racing,False,True,
154,2019-10-30 12:11:00+00:00,Newc 30th Oct,Other,Greyhounds racing,False,True,
155,2019-10-30 12:16:00+00:00,Central Park D3 265m,Other,Greyhounds racing,False,True,
156,2019-10-30 12:18:00+00:00,Swin 30th Oct,Other,Greyhounds racing,False,True,
157,2019-10-30 12:20:00+00:00,Cann (AUS) 30th Oct,Other,Greyhounds racing,False,True,
158,2019-10-30 12:24:00+00:00,Romford A7 400m,Other,Greyhounds racing,False,True,
159,2019-10-30 12:26:00+00:00,Newc 30th Oct,Other,Greyhounds racing,False,True,
160,2019-10-30 12:31:00+00:00,Central Park A4 480m,Other,Greyhounds racing,False,True,
161,2019-10-30 12:33:00+00:00,Swin 30th Oct,Other,Greyhounds racing,False,True,
162,2019-10-30 12:37:00+00:00,Cann (AUS) 30th Oct,Other,Greyhounds racing,False,True,
163,2019-10-30 12:39:00+00:00,Romford A6 400m,Other,Greyhounds racing,False,True,
164,2019-10-30 12:40:00+00:00,Christo Popov / Toma Junior Popov v Mathias Bay-Sm,SaarLorLux Open WD,Badminton,False,True,
165,2019-10-30 12:40:00+00:00,Felix Hammes / Christopher Klauer v Vladimir Nikul,SaarLorLux Open WD,Badminton,False,True,
166,2019-10-30 12:42:00+00:00,Newc 30th Oct,Other,Greyhounds racing,False,True,
167,2019-10-30 12:46:00+00:00,Central Park D2 265m,Other,Greyhounds racing,False,True,
168,2019-10-30 12:48:00+00:00,Swin 30th Oct,Other,Greyhounds racing,False,True,
169,2019-10-30 12:50:00+00:00,Greyville R4 2000m Plt,Greyville,Horse Racing,False,True,
170,2019-10-30 12:50:00+00:00,Nottingham 1m Mdn Stks,Nottingham,Horse Racing,False,True,
171,2019-10-30 12:54:00+00:00,Cann (AUS) 30th Oct,Other,Greyhounds racing,False,True,
172,2019-10-30 12:54:00+00:00,Romford A4 400m,Other,Greyhounds racing,False,True,
173,2019-10-30 12:57:00+00:00,Newc 30th Oct,Other,Greyhounds racing,False,True,
174,2019-10-30 13:01:00+00:00,Central Park D1 265m,Other,Greyhounds racing,False,True,
175,2019-10-30 13:04:00+00:00,Swin 30th Oct,Other,Greyhounds racing,False,True,
176,2019-10-30 13:08:00+00:00,Romford A3 400m,Other,Greyhounds racing,False,True,
177,2019-10-30 13:10:00+00:00,Fakenham 2m Mdn Hrd,Fakenham,Horse Racing,False,True,
178,2019-10-30 13:12:00+00:00,Cann (AUS) 30th Oct,Other,Greyhounds racing,False,True,
179,2019-10-30 13:12:00+00:00,Newc 30th Oct,Other,Greyhounds racing,False,True,
180,2019-10-30 13:16:00+00:00,Central Park H1 480m,Other,Greyhounds racing,False,True,
181,2019-10-30 13:19:00+00:00,Swin 30th Oct,Other,Greyhounds racing,False,True,
182,2019-10-30 13:20:00+00:00,Lianne Tan v Jordan Hart,SaarLorLux Open MD,Badminton,False,True,
183,2019-10-30 13:20:00+00:00,Nottingham 1m Hcap,Nottingham,Horse Racing,False,True,
184,2019-10-30 13:22:00+00:00,Romford A4 400m,Other,Greyhounds racing,False,True,
185,2019-10-30 13:25:00+00:00,Greyville R5 1600m Hcap,Greyville,Horse Racing,False,True,
186,2019-10-30 13:27:00+00:00,Newc 30th Oct,Other,Greyhounds racing,False,True,
187,2019-10-30 13:30:00+00:00,Taunton 2m3f Hcap Hrd,Taunton,Horse Racing,False,True,
188,2019-10-30 13:31:00+00:00,Central Park A5 480m,Other,Greyhounds racing,False,True,
189,2019-10-30 13:33:00+00:00,Swin 30th Oct,Other,Greyhounds racing,False,True,
190,2019-10-30 13:36:00+00:00,Cann (AUS) 30th Oct,Other,Greyhounds racing,False,True,
191,2019-10-30 13:39:00+00:00,Romford A3 400m,Other,Greyhounds racing,False,True,
192,2019-10-30 13:40:00+00:00,Fakenham 2m Hcap Hrd,Fakenham,Horse Racing,False,True,
193,2019-10-30 13:44:00+00:00,Newc 30th Oct,Other,Greyhounds racing,False,True,
194,2019-10-30 13:49:00+00:00,Central Park A1 480m,Other,Greyhounds racing,False,True,
195,2019-10-30 13:50:00+00:00,Nottingham 5f Nursery,Nottingham,Horse Racing,False,True,
196,2019-10-30 13:51:00+00:00,Swin 30th Oct,Other,Greyhounds racing,False,True,
197,2019-10-30 13:54:00+00:00,Cann (AUS) 30th Oct,Other,Greyhounds racing,False,True,
198,2019-10-30 13:57:00+00:00,Romford A4 400m,Other,Greyhounds racing,False,True,
199,2019-10-30 13:59:00+00:00,Newc 30th Oct,Other,Greyhounds racing,False,True,
200,2019-10-30 14:00:00+00:00,Julie Dawall Jakobsen v Maryna Ilyinskaya,SaarLorLux Open MD,Badminton,False,True,
201,2019-10-30 14:00:00+00:00,Arsenal Tula v Ural,Russia Cup,Soccer,False,True,
202,2019-10-30 14:00:00+00:00,Ural v Arsenal Tula,Russia Cup,Soccer,False,True,
203,2019-10-30 14:00:00+00:00,Greyville R6 1200m Hcap,Greyville,Horse Racing,False,True,
204,2019-10-30 14:00:00+00:00,Taunton 3m Hcap Hrd,Taunton,Horse Racing,False,True,
205,2019-10-30 14:00:00+00:00,Bautista Agut v De Minaur,ATP Paris,Tennis,False,True,
206,2019-10-30 14:00:00+00:00,Goffin v Dimitrov,ATP Paris,Tennis,False,True,
207,2019-10-30 14:00:00+00:00,Monfils v Paire,ATP Paris,Tennis,False,True,
208,2019-10-30 14:00:00+00:00,D King v Mmoh,ATP Paris MD,Tennis,False,True,
209,2019-10-30 14:00:00+00:00,J Wolf v Popko,ATP Paris MD,Tennis,False,True,
210,2019-10-30 14:00:00+00:00,Podlipnik-Cas/Weissborn v Bemelmans/Masur,Challenger Eckental,Tennis,False,True,
211,2019-10-30 14:00:00+00:00,Rosol v J Smith,Challenger Eckental,Tennis,False,True,
212,2019-10-30 14:00:00+00:00,Babos/Mladenovic v Groenefeld/Schuurs,ATP Paris,Tennis,False,True,
213,2019-10-30 14:06:00+00:00,Monmore A3 480m,Other,Greyhounds racing,False,True,
214,2019-10-30 14:08:00+00:00,BVue 30th Oct,Other,Greyhounds racing,False,True,
215,2019-10-30 14:09:00+00:00,Cann (AUS) 30th Oct,Other,Greyhounds racing,False,True,
216,2019-10-30 14:10:00+00:00,Fakenham 2m Juv Hrd,Fakenham,Horse Racing,False,True,
217,2019-10-30 14:12:00+00:00,Hove B3 490m,Other,Greyhounds racing,False,True,
218,2019-10-30 14:20:00+00:00,Nottingham 5f Hcap,Nottingham,Horse Racing,False,True,
219,2019-10-30 14:22:00+00:00,Monmore D3 264m,Other,Greyhounds racing,False,True,
220,2019-10-30 14:27:00+00:00,BVue 30th Oct,Other,Greyhounds racing,False,True,
221,2019-10-30 14:30:00+00:00,Taunton 2m Mdn Hrd,Taunton,Horse Racing,False,True,
222,2019-10-30 14:32:00+00:00,Hove B2 490m,Other,Greyhounds racing,False,True,
223,2019-10-30 14:35:00+00:00,Greyville R7 1200m Hcap,Greyville,Horse Racing,False,True,
224,2019-10-30 14:40:00+00:00,Mariya Mitsova v Yvonne Li,SaarLorLux Open MD,Badminton,False,True,
225,2019-10-30 14:40:00+00:00,Nadia Fankhauser v Martina Repiska,SaarLorLux Open MD,Badminton,False,True,
226,2019-10-30 14:40:00+00:00,Fakenham 2m Nov Chs,Fakenham,Horse Racing,False,True,
227,2019-10-30 14:42:00+00:00,Monmore A4 480m,Other,Greyhounds racing,False,True,
228,2019-10-30 14:47:00+00:00,BVue 30th Oct,Other,Greyhounds racing,False,True,
229,2019-10-30 14:50:00+00:00,Nottingham 1m6f Hcap,Nottingham,Horse Racing,False,True,
230,2019-10-30 14:52:00+00:00,Hove A2 515m,Other,Greyhounds racing,False,True,
231,2019-10-30 15:00:00+00:00,Taunton 2m Nov Hcap Chs,Taunton,Horse Racing,False,True,
232,2019-10-30 15:02:00+00:00,Monmore A2 480m,Other,Greyhounds racing,False,True,
233,2019-10-30 15:07:00+00:00,BVue 30th Oct,Other,Greyhounds racing,False,True,
234,2019-10-30 15:10:00+00:00,Fakenham 2m7f Hcap Hrd,Fakenham,Horse Racing,False,True,
235,2019-10-30 15:11:00+00:00,Hove D1 285m,Other,Greyhounds racing,False,True,
236,2019-10-30 15:13:00+00:00,Greyville R8 1000m Hcap,Greyville,Horse Racing,False,True,
237,2019-10-30 15:19:00+00:00,Monmore A7 480m,Other,Greyhounds racing,False,True,
238,2019-10-30 15:20:00+00:00,Shuya Zheng v Airi Mikkela,SaarLorLux Open MD,Badminton,False,True,
239,2019-10-30 15:20:00+00:00,Nottingham 1m6f Nov Stks,Nottingham,Horse Racing,False,True,
240,2019-10-30 15:27:00+00:00,BVue 30th Oct,Other,Greyhounds racing,False,True,
241,2019-10-30 15:29:00+00:00,Hove B3 490m,Other,Greyhounds racing,False,True,
242,2019-10-30 15:30:00+00:00,Hong Kong v Oman,T20 World Cup Qualifier,Cricket,False,True,
243,2019-10-30 15:30:00+00:00,CS Petrocub v Zimbru Chisinau,Turkey Cup,Soccer,False,True,
244,2019-10-30 15:30:00+00:00,Rudar v Nafta Lendava,Turkey Cup,Soccer,False,True,
245,2019-10-30 15:30:00+00:00,Taunton 2m Hcap Hrd,Taunton,Horse Racing,False,True,
246,2019-10-30 15:30:00+00:00,Cerretani/Cressy v Harris/Margaroli,Challenger Eckental,Tennis,False,True,
247,2019-10-30 15:39:00+00:00,Monmore A4 480m,Other,Greyhounds racing,False,True,
248,2019-10-30 15:40:00+00:00,Fakenham 2m5f Hcap Chs,Fakenham,Horse Racing,False,True,
249,2019-10-30 15:47:00+00:00,BVue 30th Oct,Other,Greyhounds racing,False,True,
250,2019-10-30 15:49:00+00:00,Hove B1 490m,Other,Greyhounds racing,False,True,
251,2019-10-30 15:50:00+00:00,Nottingham 1m2f Hcap,Nottingham,Horse Racing,False,True,
252,2019-10-30 15:59:00+00:00,Monmore A1 480m,Other,Greyhounds racing,False,True,
253,2019-10-30 16:00:00+00:00,Banik Ostrava v Slavia Prague,Latvia Virsliga,Soccer,False,True,
254,2019-10-30 16:00:00+00:00,Ceske Budejovice v Sparta Prague,Latvia Virsliga,Soccer,False,True,
255,2019-10-30 16:00:00+00:00,Taunton 2m5f Hcap Chs,Taunton,Horse Racing,False,True,
256,2019-10-30 16:00:00+00:00,Djokovic v Moutet,ATP Paris,Tennis,False,True,
257,2019-10-30 16:00:00+00:00,Herbert/Mahut v Hurkacz/Struff,ATP Paris,Tennis,False,True,
258,2019-10-30 16:00:00+00:00,Wawrinka v Cilic,ATP Paris,Tennis,False,True,
259,2019-10-30 16:00:00+00:00,K King v Giron,ATP Paris MD,Tennis,False,True,
260,2019-10-30 16:00:00+00:00,Torpegaard v Caruana,ATP Paris MD,Tennis,False,True,
261,2019-10-30 16:00:00+00:00,Erlich/Molchanov v Troicki/Zimonjic,Challenger Eckental,Tennis,False,True,
262,2019-10-30 16:00:00+00:00,Kolar v Donskoy,Challenger Eckental,Tennis,False,True,
263,2019-10-30 16:07:00+00:00,BVue 30th Oct,Other,Greyhounds racing,False,True,
264,2019-10-30 16:09:00+00:00,Hove B2 490m,Other,Greyhounds racing,False,True,
265,2019-10-30 16:10:00+00:00,Fakenham 2m NHF,Fakenham,Horse Racing,False,True,
266,2019-10-30 16:19:00+00:00,Monmore A4 480m,Other,Greyhounds racing,False,True,
267,2019-10-30 16:20:00+00:00,Nottingham 1m2f Hcap,Nottingham,Horse Racing,False,True,
268,2019-10-30 16:27:00+00:00,BVue 30th Oct,Other,Greyhounds racing,False,True,
269,2019-10-30 16:29:00+00:00,Hove B1 490m,Other,Greyhounds racing,False,True,
270,2019-10-30 16:30:00+00:00,FC Dnjapro-MCZ v BATE Borisov,Belarus Premier League,Soccer,False,True,
271,2019-10-30 16:30:00+00:00,IFK Mariehamn v Honka,Finland Veikkausliiga,Soccer,False,True,
272,2019-10-30 16:30:00+00:00,Derby Lane. Win or Each Way,Derby Lane,Greyhounds racing,False,True,
273,2019-10-30 16:30:00+00:00,San Isidro Win Each Way,Wolverhampton,Horse Racing,False,True,
274,2019-10-30 16:30:00+00:00,Taunton 2m Mares NHF,Taunton,Horse Racing,False,True,
275,2019-10-30 16:39:00+00:00,Monmore A1 480m,Other,Greyhounds racing,False,True,
276,2019-10-30 16:40:00+00:00,Kempton 6f Class Stks,Kempton,Horse Racing,False,True,
277,2019-10-30 16:45:00+00:00,Mahoning Valley Win Each Way,Mahoning Valley Win Each Way ,Horse Racing,False,True,
278,2019-10-30 16:46:00+00:00,BVue 30th Oct,Other,Greyhounds racing,False,True,
279,2019-10-30 16:46:00+00:00,Derby Lane. Win or Each Way,Derby Lane,Greyhounds racing,False,True,
280,2019-10-30 16:48:00+00:00,Hove B4 490m,Other,Greyhounds racing,False,True,
281,2019-10-30 16:50:00+00:00,Wolverhampton 7f Nursery,Wolverhampton,Horse Racing,False,True,
282,2019-10-30 16:55:00+00:00,San Isidro Win Each Way,Wolverhampton,Horse Racing,False,True,
283,2019-10-30 16:58:00+00:00,Monmore D2 264m,Other,Greyhounds racing,False,True,
284,2019-10-30 17:00:00+00:00,Lokomotiv Kuban v Tofas Bursa,Euro Cup,Basketball,False,True,
285,2019-10-30 17:00:00+00:00,CSKA Moscow v Olympiacos,Euroleague,Basketball,False,True,
286,2019-10-30 17:00:00+00:00,Brondby v SonderjyskE,Poland Cup,Soccer,False,True,
287,2019-10-30 17:00:00+00:00,Rio Ave v Moreirense,Portugal Primeira Liga,Soccer,False,True,
288,2019-10-30 17:00:00+00:00,Palm Beach. Win or Each Way,Palm Beach,Greyhounds racing,False,True,
289,2019-10-30 17:00:00+00:00,Wheeling Island. Win or Each Way,Wheeling Island,Greyhounds racing,False,True,
290,2019-10-30 17:00:00+00:00,Dundalk 5f Mdn,Dundalk,Horse Racing,False,True,
291,2019-10-30 17:00:00+00:00,Gulfstream Park West Win Each Way,Wolverhampton,Horse Racing,False,True,
292,2019-10-30 17:00:00+00:00,Ilkel v Gojowczyk,Challenger Eckental,Tennis,False,True,
293,2019-10-30 17:02:00+00:00,Derby Lane. Win or Each Way,Derby Lane,Greyhounds racing,False,True,
294,2019-10-30 17:05:00+00:00,Valparaiso Win Each Way,Valparaiso Win Each Way ,Horse Racing,False,True,
295,2019-10-30 17:06:00+00:00,BVue 30th Oct,Other,Greyhounds racing,False,True,
296,2019-10-30 17:08:00+00:00,Hove A3 515m,Other,Greyhounds racing,False,True,
297,2019-10-30 17:10:00+00:00,Finger Lakes R1 6f Claim,Finger Lakes,Horse Racing,False,True,
298,2019-10-30 17:10:00+00:00,Kempton 6f Nursery,Kempton,Horse Racing,False,True,
299,2019-10-30 17:12:00+00:00,Mahoning Valley Win Each Way,Mahoning Valley Win Each Way ,Horse Racing,False,True,
300,2019-10-30 17:15:00+00:00,Darussafaka v Unics Kazan,Euro Cup,Basketball,False,True,
301,2019-10-30 17:15:00+00:00,Wheeling Island. Win or Each Way,Wheeling Island,Greyhounds racing,False,True,
302,2019-10-30 17:17:00+00:00,Palm Beach. Win or Each Way,Palm Beach,Greyhounds racing,False,True,
303,2019-10-30 17:18:00+00:00,Derby Lane. Win or Each Way,Derby Lane,Greyhounds racing,False,True,
304,2019-10-30 17:18:00+00:00,Monmore D3 264m,Other,Greyhounds racing,False,True,
305,2019-10-30 17:20:00+00:00,Wolverhampton 7f Hcap,Wolverhampton,Horse Racing,False,True,
306,2019-10-30 17:22:00+00:00,BVue 30th Oct,Other,Greyhounds racing,False,True,
307,2019-10-30 17:22:00+00:00,San Isidro Win Each Way,Wolverhampton,Horse Racing,False,True,
308,2019-10-30 17:28:00+00:00,Hove B6 490m,Other,Greyhounds racing,False,True,
309,2019-10-30 17:29:00+00:00,Gulfstream Park West Win Each Way,Wolverhampton,Horse Racing,False,True,
310,2019-10-30 17:30:00+00:00,Wheeling Island. Win or Each Way,Wheeling Island,Greyhounds racing,False,True,
311,2019-10-30 17:30:00+00:00,Dundalk 1m Claim Stks,Dundalk,Horse Racing,False,True,
312,2019-10-30 17:30:00+00:00,Wiskandt/Zima v Skupski/Smith,Challenger Eckental,Tennis,False,True,
313,2019-10-30 17:32:00+00:00,Valparaiso Win Each Way,Valparaiso Win Each Way ,Horse Racing,False,True,
314,2019-10-30 17:34:00+00:00,Derby Lane. Win or Each Way,Derby Lane,Greyhounds racing,False,True,
315,2019-10-30 17:34:00+00:00,Palm Beach. Win or Each Way,Palm Beach,Greyhounds racing,False,True,
316,2019-10-30 17:37:00+00:00,Monmore A3 480m,Other,Greyhounds racing,False,True,
317,2019-10-30 17:37:00+00:00,Finger Lakes R2 1m Mdn Claim,Finger Lakes,Horse Racing,False,True,
318,2019-10-30 17:39:00+00:00,BVue 30th Oct,Other,Greyhounds racing,False,True,
319,2019-10-30 17:40:00+00:00,Kempton 1m Nov Stks,Kempton,Horse Racing,False,True,
320,2019-10-30 17:40:00+00:00,Mahoning Valley Win Each Way,Mahoning Valley Win Each Way ,Horse Racing,False,True,
321,2019-10-30 17:44:00+00:00,Hove D2 285m,Other,Greyhounds racing,False,True,
322,2019-10-30 17:45:00+00:00,Le Mans v Nice,Germany DFB Pokal,Soccer,False,True,
323,2019-10-30 17:45:00+00:00,Wheeling Island. Win or Each Way,Wheeling Island,Greyhounds racing,False,True,
324,2019-10-30 17:47:00+00:00,San Isidro Win Each Way,Wolverhampton,Horse Racing,False,True,
325,2019-10-30 17:50:00+00:00,Benevento v US Cremonese,Italy Serie B,Soccer,False,True,
326,2019-10-30 17:50:00+00:00,Derby Lane. Win or Each Way,Derby Lane,Greyhounds racing,False,True,
327,2019-10-30 17:50:00+00:00,Wolverhampton 1m Hcap,Wolverhampton,Horse Racing,False,True,
328,2019-10-30 17:51:00+00:00,Palm Beach. Win or Each Way,Palm Beach,Greyhounds racing,False,True,
329,2019-10-30 17:54:00+00:00,Monmore D4 264m,Other,Greyhounds racing,False,True,
330,2019-10-30 17:56:00+00:00,BVue 30th Oct,Other,Greyhounds racing,False,True,
331,2019-10-30 17:57:00+00:00,Valparaiso Win Each Way,Valparaiso Win Each Way ,Horse Racing,False,True,
332,2019-10-30 18:00:00+00:00,KK Buducnost v EWE Baskets Oldenburg,Euro Cup,Basketball,False,True,
333,2019-10-30 18:00:00+00:00,BC Zalgiris Kaunas v Zenit St Petersburg,Euroleague,Basketball,False,True,
334,2019-10-30 18:00:00+00:00,Argentinos Juniors v Talleres,Argentina Superliga,Soccer,False,True,
335,2019-10-30 18:00:00+00:00,Napoli v Atalanta,Italy Serie A,Soccer,False,True,
336,2019-10-30 18:00:00+00:00,Sociedad v Levante,Spain Primera Liga,Soccer,False,True,
337,2019-10-30 18:00:00+00:00,Valencia v Sevilla,Spain Primera Liga,Soccer,False,True,
338,2019-10-30 18:00:00+00:00,Wheeling Island. Win or Each Way,Wheeling Island,Greyhounds racing,False,True,
339,2019-10-30 18:00:00+00:00,Dundalk 1m Hcap,Dundalk,Horse Racing,False,True,
340,2019-10-30 18:00:00+00:00,Gulfstream Park West Win Each Way,Wolverhampton,Horse Racing,False,True,
341,2019-10-30 18:00:00+00:00,Edmund v Schwartzman,ATP Paris,Tennis,False,True,
342,2019-10-30 18:00:00+00:00,Paire/Verdasco v Bopanna/Shapovalov,ATP Paris,Tennis,False,True,
343,2019-10-30 18:00:00+00:00,Sarmiento v Rola,ATP Paris MD,Tennis,False,True,
344,2019-10-30 18:00:00+00:00,Soderlund v Daniel,ATP Paris MD,Tennis,False,True,
345,2019-10-30 18:02:00+00:00,Hove B5 490m,Other,Greyhounds racing,False,True,
346,2019-10-30 18:04:00+00:00,Finger Lakes R3 1m1f Claim,Finger Lakes,Horse Racing,False,True,
347,2019-10-30 18:06:00+00:00,Derby Lane. Win or Each Way,Derby Lane,Greyhounds racing,False,True,
348,2019-10-30 18:08:00+00:00,Palm Beach. Win or Each Way,Palm Beach,Greyhounds racing,False,True,
349,2019-10-30 18:08:00+00:00,Mahoning Valley Win Each Way,Mahoning Valley Win Each Way ,Horse Racing,False,True,
350,2019-10-30 18:09:00+00:00,Monmore A2 480m,Other,Greyhounds racing,False,True,
351,2019-10-30 18:10:00+00:00,Kempton 1m Hcap,Kempton,Horse Racing,False,True,
352,2019-10-30 18:11:00+00:00,BVue 30th Oct,Other,Greyhounds racing,False,True,
353,2019-10-30 18:12:00+00:00,San Isidro Win Each Way,Wolverhampton,Horse Racing,False,True,
354,2019-10-30 18:15:00+00:00,Limoges v Partizan Beograd,Euro Cup,Basketball,False,True,
355,2019-10-30 18:15:00+00:00,Wheeling Island. Win or Each Way,Wheeling Island,Greyhounds racing,False,True,
356,2019-10-30 18:19:00+00:00,Hove B1 490m,Other,Greyhounds racing,False,True,
357,2019-10-30 18:20:00+00:00,Wolverhampton 5f Sell Stks,Wolverhampton,Horse Racing,False,True,
358,2019-10-30 18:22:00+00:00,Derby Lane. Win or Each Way,Derby Lane,Greyhounds racing,False,True,
359,2019-10-30 18:22:00+00:00,Sund 30th Oct,Other,Greyhounds racing,False,True,
360,2019-10-30 18:22:00+00:00,Valparaiso Win Each Way,Valparaiso Win Each Way ,Horse Racing,False,True,
361,2019-10-30 18:25:00+00:00,Palm Beach. Win or Each Way,Palm Beach,Greyhounds racing,False,True,
362,2019-10-30 18:27:00+00:00,Doncaster A4 483m,Other,Greyhounds racing,False,True,
363,2019-10-30 18:30:00+00:00,Mura v Domzale,Turkey Cup,Soccer,False,True,
364,2019-10-30 18:30:00+00:00,Wheeling Island. Win or Each Way,Wheeling Island,Greyhounds racing,False,True,
365,2019-10-30 18:30:00+00:00,Dundalk 1m Hcap,Dundalk,Horse Racing,False,True,
366,2019-10-30 18:30:00+00:00,Mannarino v Nadal,ATP Paris,Tennis,False,True,
367,2019-10-30 18:31:00+00:00,Finger Lakes R4 1m Claim,Finger Lakes,Horse Racing,False,True,
368,2019-10-30 18:32:00+00:00,Gulfstream Park West Win Each Way,Wolverhampton,Horse Racing,False,True,
369,2019-10-30 18:33:00+00:00,Harlow OR 238m,Other,Greyhounds racing,False,True,
370,2019-10-30 18:36:00+00:00,Mahoning Valley Win Each Way,Mahoning Valley Win Each Way ,Horse Racing,False,True,
371,2019-10-30 18:38:00+00:00,Derby Lane. Win or Each Way,Derby Lane,Greyhounds racing,False,True,
372,2019-10-30 18:39:00+00:00,Sund 30th Oct,Other,Greyhounds racing,False,True,
373,2019-10-30 18:39:00+00:00,San Isidro Win Each Way,Wolverhampton,Horse Racing,False,True,
374,2019-10-30 18:40:00+00:00,Kempton 7f Nov Stks,Kempton,Horse Racing,False,True,
375,2019-10-30 18:42:00+00:00,Palm Beach. Win or Each Way,Palm Beach,Greyhounds racing,False,True,
376,2019-10-30 18:44:00+00:00,Doncaster A3 483m,Other,Greyhounds racing,False,True,
377,2019-10-30 18:45:00+00:00,Maritimo v Porto,Portugal Primeira Liga,Soccer,False,True,
378,2019-10-30 18:45:00+00:00,Wheeling Island. Win or Each Way,Wheeling Island,Greyhounds racing,False,True,
379,2019-10-30 18:47:00+00:00,Pboro 30th Oct,Other,Greyhounds racing,False,True,
380,2019-10-30 18:49:00+00:00,Harlow D4 238m,Other,Greyhounds racing,False,True,
381,2019-10-30 18:50:00+00:00,Valparaiso Win Each Way,Valparaiso Win Each Way ,Horse Racing,False,True,
382,2019-10-30 18:50:00+00:00,Wolverhampton 1m1f Hcap,Wolverhampton,Horse Racing,False,True,
383,2019-10-30 18:54:00+00:00,Derby Lane. Win or Each Way,Derby Lane,Greyhounds racing,False,True,
384,2019-10-30 18:55:00+00:00,Sund 30th Oct,Other,Greyhounds racing,False,True,
385,2019-10-30 18:57:00+00:00,Cork Dg Win or Each Way,Other,Greyhounds racing,False,True,
386,2019-10-30 18:58:00+00:00,Finger Lakes R5 1m1f Claim,Finger Lakes,Horse Racing,False,True,
387,2019-10-30 18:59:00+00:00,Palm Beach. Win or Each Way,Palm Beach,Greyhounds racing,False,True,
388,2019-10-30 19:00:00+00:00,BC Andorra v Promitheas,Euro Cup,Basketball,False,True,
389,2019-10-30 19:00:00+00:00,Maccabi Tel Aviv v Fenerbahce,Euroleague,Basketball,False,True,
390,2019-10-30 19:00:00+00:00,Athletic Bilbao v Espanyol,Spain Primera Liga,Soccer,False,True,
391,2019-10-30 19:00:00+00:00,Wheeling Island. Win or Each Way,Wheeling Island,Greyhounds racing,False,True,
392,2019-10-30 19:00:00+00:00,Dundalk 7f Mdn,Dundalk,Horse Racing,False,True,
393,2019-10-30 19:00:00+00:00,Pasha/Schnur v Hoyt/Janvier,ATP Paris MD,Tennis,False,True,
394,2019-10-30 19:00:00+00:00,Lenz v Emil Ruusuvuori,Challenger Eckental,Tennis,False,True,
395,2019-10-30 19:03:00+00:00,Doncaster A3 483m,Other,Greyhounds racing,False,True,
396,2019-10-30 19:04:00+00:00,Mahoning Valley Win Each Way,Mahoning Valley Win Each Way ,Horse Racing,False,True,
397,2019-10-30 19:05:00+00:00,Pboro 30th Oct,Other,Greyhounds racing,False,True,
398,2019-10-30 19:05:00+00:00,Gulfstream Park West Win Each Way,Wolverhampton,Horse Racing,False,True,
399,2019-10-30 19:06:00+00:00,San Isidro Win Each Way,Wolverhampton,Horse Racing,False,True,
400,2019-10-30 19:07:00+00:00,Harlow OR 238m,Other,Greyhounds racing,False,True,
401,2019-10-30 19:09:00+00:00,Sund 30th Oct,Other,Greyhounds racing,False,True,
402,2019-10-30 19:10:00+00:00,Derby Lane. Win or Each Way,Derby Lane,Greyhounds racing,False,True,
403,2019-10-30 19:10:00+00:00,Kempton 2m Hcap,Kempton,Horse Racing,False,True,
404,2019-10-30 19:12:00+00:00,Cork Dg Win or Each Way,Other,Greyhounds racing,False,True,
405,2019-10-30 19:15:00+00:00,Wheeling Island. Win or Each Way,Wheeling Island,Greyhounds racing,False,True,
406,2019-10-30 19:16:00+00:00,Palm Beach. Win or Each Way,Palm Beach,Greyhounds racing,False,True,
407,2019-10-30 19:17:00+00:00,Doncaster A2 483m,Other,Greyhounds racing,False,True,
408,2019-10-30 19:17:00+00:00,Valparaiso Win Each Way,Valparaiso Win Each Way ,Horse Racing,False,True,
409,2019-10-30 19:19:00+00:00,Pboro 30th Oct,Other,Greyhounds racing,False,True,
410,2019-10-30 19:20:00+00:00,Wolverhampton 1m4f Hcap,Wolverhampton,Horse Racing,False,True,
411,2019-10-30 19:23:00+00:00,Harlow OR 415m,Other,Greyhounds racing,False,True,
412,2019-10-30 19:25:00+00:00,Finger Lakes R6 6f Mdn,Finger Lakes,Horse Racing,False,True,
413,2019-10-30 19:26:00+00:00,Derby Lane. Win or Each Way,Derby Lane,Greyhounds racing,False,True,
414,2019-10-30 19:26:00+00:00,Sund 30th Oct,Other,Greyhounds racing,False,True,
415,2019-10-30 19:28:00+00:00,Cork Dg Win or Each Way,Other,Greyhounds racing,False,True,
416,2019-10-30 19:30:00+00:00,FC Bayern Munchen v Real Madrid,Euroleague,Basketball,False,True,
417,2019-10-30 19:30:00+00:00,Genk v Antwerp,Belgium First Division A,Soccer,False,True,
418,2019-10-30 19:30:00+00:00,Standard v Waasland-Beveren,Belgium First Division A,Soccer,False,True,
419,2019-10-30 19:30:00+00:00,Zulte-Waregem v Club Brugge,Belgium First Division A,Soccer,False,True,
420,2019-10-30 19:30:00+00:00,Wheeling Island. Win or Each Way,Wheeling Island,Greyhounds racing,False,True,
421,2019-10-30 19:30:00+00:00,Dundalk 7f Hcap,Dundalk,Horse Racing,False,True,
422,2019-10-30 19:30:00+00:00,Tsonga v Berrettini,ATP Paris,Tennis,False,True,
423,2019-10-30 19:30:00+00:00,Begemann/Mergea v Arneodo/Vasilevski,Challenger Eckental,Tennis,False,True,
424,2019-10-30 19:31:00+00:00,San Isidro Win Each Way,Wolverhampton,Horse Racing,False,True,
425,2019-10-30 19:33:00+00:00,Doncaster B2 450m,Other,Greyhounds racing,False,True,
426,2019-10-30 19:33:00+00:00,Palm Beach. Win or Each Way,Palm Beach,Greyhounds racing,False,True,
427,2019-10-30 19:33:00+00:00,Mahoning Valley Win Each Way,Mahoning Valley Win Each Way ,Horse Racing,False,True,
428,2019-10-30 19:36:00+00:00,Pboro 30th Oct,Other,Greyhounds racing,False,True,
429,2019-10-30 19:37:00+00:00,Gulfstream Park West Win Each Way,Wolverhampton,Horse Racing,False,True,
430,2019-10-30 19:38:00+00:00,Harlow OR 238m,Other,Greyhounds racing,False,True,
431,2019-10-30 19:40:00+00:00,Kempton 1m4f Hcap,Kempton,Horse Racing,False,True,
432,2019-10-30 19:42:00+00:00,Derby Lane. Win or Each Way,Derby Lane,Greyhounds racing,False,True,
433,2019-10-30 19:42:00+00:00,Sund 30th Oct,Other,Greyhounds racing,False,True,
434,2019-10-30 19:43:00+00:00,Valparaiso Win Each Way,Valparaiso Win Each Way ,Horse Racing,False,True,
435,2019-10-30 19:44:00+00:00,Cork Dg Win or Each Way,Other,Greyhounds racing,False,True,
436,2019-10-30 19:45:00+00:00,Wheeling Island. Win or Each Way,Wheeling Island,Greyhounds racing,False,True,
437,2019-10-30 19:49:00+00:00,Doncaster B4 450m,Other,Greyhounds racing,False,True,
438,2019-10-30 19:50:00+00:00,Palm Beach. Win or Each Way,Palm Beach,Greyhounds racing,False,True,
439,2019-10-30 19:50:00+00:00,Wolverhampton 1m4f Nov Stks,Wolverhampton,Horse Racing,False,True,
440,2019-10-30 19:52:00+00:00,Pboro 30th Oct,Other,Greyhounds racing,False,True,
441,2019-10-30 19:52:00+00:00,Finger Lakes R7 6f Allw,Finger Lakes,Horse Racing,False,True,
442,2019-10-30 19:54:00+00:00,Harlow OR 415m,Other,Greyhounds racing,False,True,
443,2019-10-30 19:57:00+00:00,Sund 30th Oct,Other,Greyhounds racing,False,True,
444,2019-10-30 19:58:00+00:00,Derby Lane. Win or Each Way,Derby Lane,Greyhounds racing,False,True,
445,2019-10-30 19:58:00+00:00,San Isidro Win Each Way,Wolverhampton,Horse Racing,False,True,
446,2019-10-30 19:59:00+00:00,Cork Dg Win or Each Way,Other,Greyhounds racing,False,True,
447,2019-10-30 20:00:00+00:00,Virtus Bologna v Monaco,Euro Cup,Basketball,False,True,
448,2019-10-30 20:00:00+00:00,FC Barcelona v Valencia BC,Euroleague,Basketball,False,True,
449,2019-10-30 20:00:00+00:00,San Lorenzo v Defensa y Justicia,Argentina Superliga,Soccer,False,True,
450,2019-10-30 20:00:00+00:00,Cagliari v Bologna,Italy Serie A,Soccer,False,True,
451,2019-10-30 20:00:00+00:00,Juventus v Genoa,Italy Serie A,Soccer,False,True,
452,2019-10-30 20:00:00+00:00,Lazio v Torino,Italy Serie A,Soccer,False,True,
453,2019-10-30 20:00:00+00:00,Sampdoria v Lecce,Italy Serie A,Soccer,False,True,
454,2019-10-30 20:00:00+00:00,Sassuolo v Fiorentina,Italy Serie A,Soccer,False,True,
455,2019-10-30 20:00:00+00:00,Udinese v Roma,Italy Serie A,Soccer,False,True,
456,2019-10-30 20:00:00+00:00,Frosinone v Trapani,Italy Serie B,Soccer,False,True,
457,2019-10-30 20:00:00+00:00,Guimaraes v Belenenses,Portugal Primeira Liga,Soccer,False,True,
458,2019-10-30 20:00:00+00:00,Betis v Celta Vigo,Spain Primera Liga,Soccer,False,True,
459,2019-10-30 20:00:00+00:00,Wheeling Island. Win or Each Way,Wheeling Island,Greyhounds racing,False,True,
460,2019-10-30 20:00:00+00:00,Dundalk 7f Hcap,Dundalk,Horse Racing,False,True,
461,2019-10-30 20:00:00+00:00,Haase/Koolhof v Ram/Salisbury,ATP Paris,Tennis,False,True,
462,2019-10-30 20:00:00+00:00,Krawietz/Mies v Cilic/Cuevas,ATP Paris,Tennis,False,True,
463,2019-10-30 20:00:00+00:00,Novikov v Ritschard,ATP Paris MD,Tennis,False,True,
464,2019-10-30 20:00:00+00:00,Schnur v E Song,ATP Paris MD,Tennis,False,True,
465,2019-10-30 20:02:00+00:00,Mahoning Valley Win Each Way,Mahoning Valley Win Each Way ,Horse Racing,False,True,
466,2019-10-30 20:05:00+00:00,Amiens v Angers,Germany DFB Pokal,Soccer,False,True,
467,2019-10-30 20:05:00+00:00,Metz v Brest,Germany DFB Pokal,Soccer,False,True,
468,2019-10-30 20:05:00+00:00,Monaco v Marseille,Germany DFB Pokal,Soccer,False,True,
469,2019-10-30 20:05:00+00:00,Montpellier v Nancy,Germany DFB Pokal,Soccer,False,True,
470,2019-10-30 20:05:00+00:00,Nantes v Paris FC,Germany DFB Pokal,Soccer,False,True,
471,2019-10-30 20:05:00+00:00,Niort v Toulouse,Germany DFB Pokal,Soccer,False,True,
472,2019-10-30 20:05:00+00:00,Reims v Bourg-en-Bresse,Germany DFB Pokal,Soccer,False,True,
473,2019-10-30 20:06:00+00:00,Doncaster B2 450m,Other,Greyhounds racing,False,True,
474,2019-10-30 20:07:00+00:00,Palm Beach. Win or Each Way,Palm Beach,Greyhounds racing,False,True,
475,2019-10-30 20:08:00+00:00,Pboro 30th Oct,Other,Greyhounds racing,False,True,
476,2019-10-30 20:10:00+00:00,Gulfstream Park West Win Each Way,Wolverhampton,Horse Racing,False,True,
477,2019-10-30 20:10:00+00:00,Kempton 1m4f Hcap,Kempton,Horse Racing,False,True,
478,2019-10-30 20:11:00+00:00,Harlow OR 238m,Other,Greyhounds racing,False,True,
479,2019-10-30 20:11:00+00:00,Valparaiso Win Each Way,Valparaiso Win Each Way ,Horse Racing,False,True,
480,2019-10-30 20:13:00+00:00,Sund 30th Oct,Other,Greyhounds racing,False,True,
481,2019-10-30 20:14:00+00:00,Derby Lane. Win or Each Way,Derby Lane,Greyhounds racing,False,True,
482,2019-10-30 20:15:00+00:00,Benfica v Portimonense,Portugal Primeira Liga,Soccer,False,True,
483,2019-10-30 20:15:00+00:00,Real Madrid v Leganes,Spain Primera Liga,Soccer,False,True,
484,2019-10-30 20:15:00+00:00,Wheeling Island. Win or Each Way,Wheeling Island,Greyhounds racing,False,True,
485,2019-10-30 20:16:00+00:00,Cork Dg Win or Each Way,Other,Greyhounds racing,False,True,
486,2019-10-30 20:19:00+00:00,Finger Lakes R8 6f Mdn Claim,Finger Lakes,Horse Racing,False,True,
487,2019-10-30 20:20:00+00:00,Wolverhampton 5f Nov Stks,Wolverhampton,Horse Racing,False,True,
488,2019-10-30 20:21:00+00:00,Doncaster D3 275m,Other,Greyhounds racing,False,True,
489,2019-10-30 20:23:00+00:00,Pboro 30th Oct,Other,Greyhounds racing,False,True,
490,2019-10-30 20:23:00+00:00,San Isidro Win Each Way,Wolverhampton,Horse Racing,False,True,
491,2019-10-30 20:24:00+00:00,Palm Beach. Win or Each Way,Palm Beach,Greyhounds racing,False,True,
492,2019-10-30 20:27:00+00:00,Harlow D3 238m,Other,Greyhounds racing,False,True,
493,2019-10-30 20:29:00+00:00,Sund 30th Oct,Other,Greyhounds racing,False,True,
494,2019-10-30 20:30:00+00:00,Wheeling Island. Win or Each Way,Wheeling Island,Greyhounds racing,False,True,
495,2019-10-30 20:30:00+00:00,Dundalk 1m4f Hcap,Dundalk,Horse Racing,False,True,
496,2019-10-30 20:30:00+00:00,Bangoura v Vatutin,ATP Paris MD,Tennis,False,True,
497,2019-10-30 20:32:00+00:00,Cork Dg Win or Each Way,Other,Greyhounds racing,False,True,
498,2019-10-30 20:37:00+00:00,Pboro 30th Oct,Other,Greyhounds racing,False,True,
499,2019-10-30 20:38:00+00:00,Doncaster B4 450m,Other,Greyhounds racing,False,True,
500,2019-10-30 20:39:00+00:00,Valparaiso Win Each Way,Valparaiso Win Each Way ,Horse Racing,False,True,
501,2019-10-30 20:41:00+00:00,Palm Beach. Win or Each Way,Palm Beach,Greyhounds racing,False,True,
502,2019-10-30 20:42:00+00:00,Harlow OR 592m,Other,Greyhounds racing,False,True,
503,2019-10-30 20:43:00+00:00,Gulfstream Park West Win Each Way,Wolverhampton,Horse Racing,False,True,
504,2019-10-30 20:44:00+00:00,Sund 30th Oct,Other,Greyhounds racing,False,True,
505,2019-10-30 20:45:00+00:00,Wheeling Island. Win or Each Way,Wheeling Island,Greyhounds racing,False,True,
506,2019-10-30 20:48:00+00:00,Cork Dg Win or Each Way,Other,Greyhounds racing,False,True,
507,2019-10-30 20:48:00+00:00,San Isidro Win Each Way,Wolverhampton,Horse Racing,False,True,
508,2019-10-30 20:51:00+00:00,Pboro 30th Oct,Other,Greyhounds racing,False,True,
509,2019-10-30 20:53:00+00:00,Doncaster B5 450m,Other,Greyhounds racing,False,True,
510,2019-10-30 20:57:00+00:00,Harlow D3 238m,Other,Greyhounds racing,False,True,
511,2019-10-30 20:58:00+00:00,Palm Beach. Win or Each Way,Palm Beach,Greyhounds racing,False,True,
512,2019-10-30 20:59:00+00:00,Sund 30th Oct,Other,Greyhounds racing,False,True,
513,2019-10-30 21:00:00+00:00,Famalicao v Gil Vicente,Portugal Primeira Liga,Soccer,False,True,
514,2019-10-30 21:00:00+00:00,Wheeling Island. Win or Each Way,Wheeling Island,Greyhounds racing,False,True,
515,2019-10-30 21:03:00+00:00,Cork Dg Win or Each Way,Other,Greyhounds racing,False,True,
516,2019-10-30 21:06:00+00:00,Pboro 30th Oct,Other,Greyhounds racing,False,True,
517,2019-10-30 21:06:00+00:00,Valparaiso Win Each Way,Valparaiso Win Each Way ,Horse Racing,False,True,
518,2019-10-30 21:08:00+00:00,Doncaster D4 275m,Other,Greyhounds racing,False,True,
519,2019-10-30 21:14:00+00:00,Sund 30th Oct,Other,Greyhounds racing,False,True,
520,2019-10-30 21:15:00+00:00,Wheeling Island. Win or Each Way,Wheeling Island,Greyhounds racing,False,True,
521,2019-10-30 21:15:00+00:00,San Isidro Win Each Way,Wolverhampton,Horse Racing,False,True,
522,2019-10-30 21:16:00+00:00,Harlow OR 238m,Other,Greyhounds racing,False,True,
523,2019-10-30 21:21:00+00:00,Cork Dg Win or Each Way,Other,Greyhounds racing,False,True,
524,2019-10-30 21:22:00+00:00,Pboro 30th Oct,Other,Greyhounds racing,False,True,
525,2019-10-30 21:26:00+00:00,Doncaster B4 450m,Other,Greyhounds racing,False,True,
526,2019-10-30 21:30:00+00:00,Wheeling Island. Win or Each Way,Wheeling Island,Greyhounds racing,False,True,
527,2019-10-30 21:34:00+00:00,Valparaiso Win Each Way,Valparaiso Win Each Way ,Horse Racing,False,True,
528,2019-10-30 21:40:00+00:00,Pboro 30th Oct,Other,Greyhounds racing,False,True,
529,2019-10-30 21:41:00+00:00,San Isidro Win Each Way,Wolverhampton,Horse Racing,False,True,
530,2019-10-30 21:45:00+00:00,Wheeling Island. Win or Each Way,Wheeling Island,Greyhounds racing,False,True,
531,2019-10-30 21:55:00+00:00,Delta Downs R1 1m1f Mdn Claim,Delta Downs,Horse Racing,False,True,
532,2019-10-30 22:00:00+00:00,Krueger/Rola v Huey/Withrow,ATP Paris MD,Tennis,False,True,
533,2019-10-30 22:02:00+00:00,Valparaiso Win Each Way,Valparaiso Win Each Way ,Horse Racing,False,True,
534,2019-10-30 22:08:00+00:00,San Isidro Win Each Way,Wolverhampton,Horse Racing,False,True,
535,2019-10-30 22:10:00+00:00,Union Santa Fe v Independiente,Argentina Superliga,Soccer,False,True,
536,2019-10-30 22:23:00+00:00,Delta Downs R2 5f Claim,Delta Downs,Horse Racing,False,True,
537,2019-10-30 22:30:00+00:00,Valparaiso Win Each Way,Valparaiso Win Each Way ,Horse Racing,False,True,
538,2019-10-30 22:30:00+00:00,Redlicki/Siljestrom v Nakashima/Soderlund,ATP Paris MD,Tennis,False,True,
539,2019-10-30 22:35:00+00:00,San Isidro Win Each Way,Wolverhampton,Horse Racing,False,True,
540,2019-10-30 22:45:00+00:00,Woodbine R1 1m Claim,Woodbine,Horse Racing,False,True,
541,2019-10-30 22:51:00+00:00,Delta Downs R3 7f Mdn Claim,Delta Downs,Horse Racing,False,True,
542,2019-10-30 22:59:00+00:00,Valparaiso Win Each Way,Valparaiso Win Each Way ,Horse Racing,False,True,
543,2019-10-30 23:05:00+00:00,San Isidro Win Each Way,Wolverhampton,Horse Racing,False,True,
544,2019-10-30 23:10:00+00:00,Chicago Bulls @ Cleveland Cavaliers,NBA,Basketball,False,True,
545,2019-10-30 23:10:00+00:00,Minnesota Timberwolves @ Philadelphia 76ers,NBA,Basketball,False,True,
546,2019-10-30 23:10:00+00:00,New York Knicks @ Orlando Magic,NBA,Basketball,False,True,
547,2019-10-30 23:14:00+00:00,Woodbine R2 5f Claim,Woodbine,Horse Racing,False,True,
548,2019-10-30 23:19:00+00:00,Delta Downs R4 5f Claim,Delta Downs,Horse Racing,False,True,
549,2019-10-30 23:25:00+00:00,Daytona Beach. Win or Each Way,Daytona Beach,Greyhounds racing,False,True,
550,2019-10-30 23:27:00+00:00,Valparaiso Win Each Way,Valparaiso Win Each Way ,Horse Racing,False,True,
551,2019-10-30 23:30:00+00:00,Derby Lane. Win or Each Way,Derby Lane,Greyhounds racing,False,True,
552,2019-10-30 23:35:00+00:00,San Isidro Win Each Way,Wolverhampton,Horse Racing,False,True,
553,2019-10-30 23:35:00+00:00,Edmonton Oilers @ Columbus Blue Jackets,NHL,Ice Hockey,False,True,
554,2019-10-30 23:38:00+00:00,Daytona Beach. Win or Each Way,Daytona Beach,Greyhounds racing,False,True,
555,2019-10-30 23:40:00+00:00,Detroit Pistons @ Toronto Raptors,NBA,Basketball,False,True,
556,2019-10-30 23:40:00+00:00,Indiana Pacers @ Brooklyn Nets,NBA,Basketball,False,True,
557,2019-10-30 23:40:00+00:00,Milwaukee Bucks @ Boston Celtics,NBA,Basketball,False,True,
558,2019-10-30 23:43:00+00:00,Woodbine R3 1m Claim,Woodbine,Horse Racing,False,True,
559,2019-10-30 23:46:00+00:00,Derby Lane. Win or Each Way,Derby Lane,Greyhounds racing,False,True,
560,2019-10-30 23:47:00+00:00,Delta Downs R5 7f Claim,Delta Downs,Horse Racing,False,True,
561,2019-10-30 23:51:00+00:00,Daytona Beach. Win or Each Way,Daytona Beach,Greyhounds racing,False,True,
562,2019-10-30 23:55:00+00:00,Valparaiso Win Each Way,Valparaiso Win Each Way ,Horse Racing,False,True,
563,2019-10-31 00:00:00+00:00,Atlanta Utd v Toronto FC,USA MLS Play-Offs,Soccer,False,True,
564,2019-10-31 00:00:00+00:00,Kudla v Aragone,ATP Paris MD,Tennis,False,True,
565,2019-10-31 00:02:00+00:00,Derby Lane. Win or Each Way,Derby Lane,Greyhounds racing,False,True,
566,2019-10-31 00:04:00+00:00,Daytona Beach. Win or Each Way,Daytona Beach,Greyhounds racing,False,True,
567,2019-10-31 00:05:00+00:00,Minnesota Wild @ St. Louis Blues,NHL,Ice Hockey,False,True,
568,2019-10-31 00:10:00+00:00,Houston Rockets @ Washington Wizards,NBA,Basketball,False,True,
569,2019-10-31 00:12:00+00:00,Woodbine R4 5f Claim,Woodbine,Horse Racing,False,True,
570,2019-10-31 00:15:00+00:00,Delta Downs R6 5f Claim,Delta Downs,Horse Racing,False,True,
571,2019-10-31 00:17:00+00:00,Daytona Beach. Win or Each Way,Daytona Beach,Greyhounds racing,False,True,
572,2019-10-31 00:18:00+00:00,Derby Lane. Win or Each Way,Derby Lane,Greyhounds racing,False,True,
573,2019-10-31 00:20:00+00:00,Racing Club v Banfield,Argentina Superliga,Soccer,False,True,
574,2019-10-31 00:30:00+00:00,Daytona Beach. Win or Each Way,Daytona Beach,Greyhounds racing,False,True,
575,2019-10-31 00:34:00+00:00,Derby Lane. Win or Each Way,Derby Lane,Greyhounds racing,False,True,
576,2019-10-31 00:43:00+00:00,Daytona Beach. Win or Each Way,Daytona Beach,Greyhounds racing,False,True,
577,2019-10-31 00:43:00+00:00,Delta Downs R7 1m Allw,Delta Downs,Horse Racing,False,True,
578,2019-10-31 00:45:00+00:00,Woodbine R5 5f Claim,Woodbine,Horse Racing,False,True,
579,2019-10-31 00:50:00+00:00,Derby Lane. Win or Each Way,Derby Lane,Greyhounds racing,False,True,
580,2019-10-31 00:56:00+00:00,Daytona Beach. Win or Each Way,Daytona Beach,Greyhounds racing,False,True,
581,2019-10-31 01:06:00+00:00,Derby Lane. Win or Each Way,Derby Lane,Greyhounds racing,False,True,
582,2019-10-31 01:09:00+00:00,Daytona Beach. Win or Each Way,Daytona Beach,Greyhounds racing,False,True,
583,2019-10-31 01:11:00+00:00,Delta Downs R8 7f Allw,Delta Downs,Horse Racing,False,True,
584,2019-10-31 01:14:00+00:00,Woodbine R6 1m Claim,Woodbine,Horse Racing,False,True,
585,2019-10-31 01:22:00+00:00,Daytona Beach. Win or Each Way,Daytona Beach,Greyhounds racing,False,True,
586,2019-10-31 01:22:00+00:00,Derby Lane. Win or Each Way,Derby Lane,Greyhounds racing,False,True,
587,2019-10-31 01:35:00+00:00,Daytona Beach. Win or Each Way,Daytona Beach,Greyhounds racing,False,True,
588,2019-10-31 01:38:00+00:00,Derby Lane. Win or Each Way,Derby Lane,Greyhounds racing,False,True,
589,2019-10-31 01:39:00+00:00,Delta Downs R9 1m Claim,Delta Downs,Horse Racing,False,True,
590,2019-10-31 01:43:00+00:00,Woodbine R7 6f Claim,Woodbine,Horse Racing,False,True,
591,2019-10-31 01:48:00+00:00,Daytona Beach. Win or Each Way,Daytona Beach,Greyhounds racing,False,True,
592,2019-10-31 01:54:00+00:00,Derby Lane. Win or Each Way,Derby Lane,Greyhounds racing,False,True,
593,2019-10-31 02:01:00+00:00,Daytona Beach. Win or Each Way,Daytona Beach,Greyhounds racing,False,True,
594,2019-10-31 02:05:00+00:00,Florida Panthers @ Colorado Avalanche,NHL,Ice Hockey,False,True,
595,2019-10-31 02:07:00+00:00,Delta Downs R10 7f Mdn Claim,Delta Downs,Horse Racing,False,True,
596,2019-10-31 02:10:00+00:00,Derby Lane. Win or Each Way,Derby Lane,Greyhounds racing,False,True,
597,2019-10-31 02:12:00+00:00,Woodbine R8 6f Claim,Woodbine,Horse Racing,False,True,
598,2019-10-31 02:14:00+00:00,Daytona Beach. Win or Each Way,Daytona Beach,Greyhounds racing,False,True,
599,2019-10-31 02:26:00+00:00,Derby Lane. Win or Each Way,Derby Lane,Greyhounds racing,False,True,
600,2019-10-31 02:35:00+00:00,Vancouver Canucks @ Los Angeles Kings,NHL,Ice Hockey,False,True,
601,2019-10-31 02:40:00+00:00,Phoenix Suns @ Golden State Warriors,NBA,Basketball,False,True,
602,2019-10-31 02:42:00+00:00,Derby Lane. Win or Each Way,Derby Lane,Greyhounds racing,False,True,
603,2019-10-31 02:58:00+00:00,Derby Lane. Win or Each Way,Derby Lane,Greyhounds racing,False,True,
604,2019-10-31 03:14:00+00:00,Derby Lane. Win or Each Way,Derby Lane,Greyhounds racing,False,True,
605,2019-10-31 06:30:00+00:00,New Zealand Breakers v Cairns Taipans,Australia NBL,Basketball,False,True,
606,2019-10-31 14:00:00+00:00,Mumbai City FC v Odisha,AFC Champions League,Soccer,False,True,
607,2019-10-31 16:30:00+00:00,FC Copenhagen v FC Nordsjaelland,Poland Cup,Soccer,False,True,
608,2019-10-31 16:30:00+00:00,FK Torpedo Moskva v Baltika,Russia Cup,Soccer,False,True,
609,2019-10-31 18:00:00+00:00,Arsenal de Sarandi v Central Cordoba (SdE),Argentina Superliga,Soccer,False,True,
610,2019-10-31 18:00:00+00:00,Eibar v Villarreal,Spain Primera Liga,Soccer,False,True,
611,2019-10-31 18:00:00+00:00,Mallorca v Osasuna,Spain Primera Liga,Soccer,False,True,
612,2019-10-31 18:00:00+00:00,THW Kiel v MT Melsungen,Germany Bundesliga,Handball,False,True,
613,2019-10-31 19:15:00+00:00,AGF v OB,Poland Cup,Soccer,False,True,
614,2019-10-31 19:30:00+00:00,Anderlecht v Gent,Belgium First Division A,Soccer,False,True,
615,2019-10-31 19:45:00+00:00,Pacos Ferreira v Sporting Lisbon,Portugal Primeira Liga,Soccer,False,True,
616,2019-10-31 20:00:00+00:00,AC Milan v SPAL,Italy Serie A,Soccer,False,True,
617,2019-10-31 20:15:00+00:00,Boavista v Braga,Portugal Primeira Liga,Soccer,False,True,
618,2019-10-31 20:15:00+00:00,Santa Clara v Setubal,Portugal Primeira Liga,Soccer,False,True,
619,2019-10-31 20:15:00+00:00,Getafe v Granada,Spain Primera Liga,Soccer,False,True,
620,2019-10-31 22:10:00+00:00,Velez Sarsfield v Huracan,Argentina Superliga,Soccer,False,True,
621,2019-11-01 00:20:00+00:00,Lanus v Boca Juniors,Argentina Superliga,Soccer,False,True,
622,2019-11-01 07:30:00+00:00,Beijing Renhe v Guangzhou R&F,China Super League,Soccer,False,True,
623,2019-11-01 08:30:00+00:00,Brisbane Bullets v Perth Wildcats,Australia NBL,Basketball,False,True,
624,2019-11-01 08:30:00+00:00,Sydney FC v Newcastle Jets,Australia A-League,Soccer,False,True,
625,2019-11-01 11:00:00+00:00,Numancia v Albacete,Spain Segunda,Soccer,False,True,
626,2019-11-01 15:00:00+00:00,Cadiz v Sporting Gijon,Spain Segunda,Soccer,False,True,
627,2019-11-01 17:00:00+00:00,Bohemians 1905 v Slovacko,Czech Republic First League,Soccer,False,True,
628,2019-11-01 17:30:00+00:00,Ponferradina v Malaga,Spain Segunda,Soccer,False,True,
629,2019-11-01 17:30:00+00:00,Galatasaray v Rizespor,Turkey Super Lig,Soccer,False,True,
630,2019-11-01 18:00:00+00:00,Esbjerg v AC Horsens,Denmark Superligaen,Soccer,False,True,
631,2019-11-01 18:00:00+00:00,Stromsgodset v Rosenborg,Norway Eliteserien,Soccer,False,True,
632,2019-11-01 19:00:00+00:00,FC Dordrecht v FC Oss,Holland Eerste Divisie,Soccer,False,True,
633,2019-11-01 19:00:00+00:00,FC Eindhoven v Jong AZ Alkmaar,Holland Eerste Divisie,Soccer,False,True,
634,2019-11-01 19:00:00+00:00,SC Telstar v Jong FC Utrecht,Holland Eerste Divisie,Soccer,False,True,
635,2019-11-01 19:00:00+00:00,PEC Zwolle v Ajax,Holland Eredivisie,Soccer,False,True,
636,2019-11-01 19:30:00+00:00,Hoffenheim v Paderborn,Germany Bundesliga I,Soccer,False,True,
637,2019-11-01 20:00:00+00:00,Oviedo v Almeria,Spain Segunda,Soccer,False,True,
